{"cameraMode":{"drawMode":0,"name":"Shaded","section":"Shading Mode"},"sceneLighting":true,"audioPlay":false,"sceneViewState":{"showFog":true,"showMaterialUpdate":true,"showSkybox":true,"showFlares":true,"showImageEffects":true,"showParticleSystems":true},"in2DMode":false,"pivot":{"x":-708.4044799804688,"y":-16.445159912109376,"z":666.514404296875},"rotation":{"x":0.07761352509260178,"y":0.28167015314102175,"z":-0.022865336388349534,"w":0.9560937881469727},"size":1261.8214111328125,"orthographic":false}